title,category,emotion,url
삼겹살,korean,"many_time,perfect,fatty",https://img.piku.co.kr/w/uploads/7zd4dE/11495281c61832b6edf5186158c84c70.jpg
스테이크,western,"many_time,perfect",https://img.piku.co.kr/w/uploads/7zd4dE/39364905c56bd58985be5875ac39177f.jpg
초밥,japanese,perfect,https://img.piku.co.kr/w/uploads/7zd4dE/47871e958c6560c91a484bc34e023bb7.jpg
곱창,korean,"many_time,perfect,fatty",https://img.piku.co.kr/w/uploads/7zd4dE/411dfc984ffa573e70e5de9351d0e228.jpg
대게찜,korean,"many_time,perfect",https://img.piku.co.kr/w/uploads/7zd4dE/77413ed4d1f62152bac35a978a6a62d7.jpg
후라이드치킨,korean,"stressed,fatty",https://img.piku.co.kr/w/uploads/7zd4dE/b4272ee83e13e7ff685fdaa28a5a9ff9.jpg
라면,snack,no_time,https://img.piku.co.kr/w/uploads/7zd4dE/e92ee0f1e2fcde70eb10e0dd0803151b.jpg
회,korean,"many_time,perfect",https://img.piku.co.kr/w/uploads/7zd4dE/b8b4e434e7e6fde5bd1a4ab34519ab9b.jpg
소갈비,korean,"many_time,perfect",https://img.piku.co.kr/w/uploads/7zd4dE/81b6226e2ec0ef368c3a5b1f1e5cd74c.jpg
떡순튀,snack,no_time,https://img.piku.co.kr/w/uploads/7zd4dE/dc71fad32214f3532625c4990be1b907.jpg
김치찌개,korean,stressed,https://img.piku.co.kr/w/uploads/7zd4dE/8924a9f955589b6e2d96de6c6c3cc8ad.jpg
랍스터버터구이,western,"many_time,perfect",https://img.piku.co.kr/w/uploads/7zd4dE/d09cbdfb231715160e4f916d4da0f52d.jpg
간장게장,korean,"many_time,perfect",https://img.piku.co.kr/w/uploads/7zd4dE/c64a6fce311d02580d3aeafca6b7a9ea.jpg
보쌈,korean,"many_time,perfect",https://img.piku.co.kr/w/uploads/7zd4dE/dd829662baf58916e547b91f3a8097f8.jpg
양념치킨,korean,"stressed,fatty",https://img.piku.co.kr/w/uploads/7zd4dE/8e6cec81b79b2ee96662e5ab9327b350.jpg
육회,korean,"many_time,perfect",https://img.piku.co.kr/w/uploads/7zd4dE/a473e6ea3568934e782501849950156a.jpg
감자탕,korean,"many_time,perfect",https://img.piku.co.kr/w/uploads/7zd4dE/92ef8ef5c7fdc2cb51c7693a0073a7df.jpg
부대찌개,korean,"many_time,perfect",https://img.piku.co.kr/w/uploads/7zd4dE/9c4295000947675979e30acc9e7fd429.jpg
샤브샤브,japanese,"many_time,perfect",https://img.piku.co.kr/w/uploads/7zd4dE/d1a13269165c37f2c53d6317bd348d68.jpg
햄버거,western,no_time,https://img.piku.co.kr/w/uploads/7zd4dE/17d6f75839f73500b2f7d6291e30a3eb.jpg
닭갈비,korean,"many_time,perfect",https://img.piku.co.kr/w/uploads/7zd4dE/fa16e063c7f094fd6550d7d505117987.jpg
수육국밥,korean,no_time,https://img.piku.co.kr/w/uploads/7zd4dE/2810a42561ef2717b1ec99edd9f83258.jpg
김치볶음밥,korean,no_time,https://img.piku.co.kr/w/uploads/7zd4dE/70bbdb6b19854d5a2ff3fa4c71d7be2a.jpg
닭도리탕,korean,"many_time,perfect",https://img.piku.co.kr/w/uploads/7zd4dE/6034f051641fdf89c83378644e92d8aa.jpg
닭강정,korean,"no_time,fatty",https://img.piku.co.kr/w/uploads/7zd4dE/6b2a57b7f4a7ea3941f1d1587ef3ee59.jpg
차돌박이,koean,"many_time,perfect,stressed,fatty",https://img.piku.co.kr/w/uploads/7zd4dE/a77ea0b9ba8bf8260fc914152ed795ce.jpg
피자,western,"many_time,perfect,stressed,fatty",https://img.piku.co.kr/w/uploads/7zd4dE/c408a6d4904cc9acebef16f144cf7ffe.jpg
양념게장,koean,"many_time,perfect",https://img.piku.co.kr/w/uploads/7zd4dE/a15e6de77007d3d8947e1b63e0ea3256.jpg
된장찌개,koean,"stressed,no_time",https://img.piku.co.kr/w/uploads/7zd4dE/377c2da5286b484fb960a299f8cb4640.jpg
훈제치킨,"koean,supper","many_time,stressed",https://img.piku.co.kr/w/uploads/7zd4dE/cf1e6c522f12b90b12a62693deaf98a4.jpg
양꼬치,chinese,"many_time,stressed,perfect",https://img.piku.co.kr/w/uploads/7zd4dE/ba8ac7a9dbd8966d12751f4f46287cd0.jpg
양갈비,chinese,"many_time,perfect,fatty,stressed",https://img.piku.co.kr/w/uploads/7zd4dE/498d48f218c8c43c6d2cc6cafc6e7487.jpg
닭꼬치,"koean,snack",no_time,https://img.piku.co.kr/w/uploads/7zd4dE/ea2544ba803c8997cc7132956b1e74d1.jpg
간장치킨,"koean,supper","many_time,fatty,stressed",https://img.piku.co.kr/w/uploads/7zd4dE/4caf0d9732cc1976c5414ba82c38f555.jpg
닭발,"koean,supper","many_time,stressed",https://img.piku.co.kr/w/uploads/7zd4dE/7921f34d1f8eb9fb29900bf07024f6a2.jpg
탕수육,chinese,"many_time,fatty",https://img.piku.co.kr/w/uploads/7zd4dE/40ccef34aea3273ea60b58eadc4ea1a6.jpg
크림소스파스타,western,"perfect,many_time",https://img.piku.co.kr/w/uploads/7zd4dE/27f420f0c12e726f96459e6c6748737c.jpg
찜닭,koean,"many_time,stressed",https://img.piku.co.kr/w/uploads/7zd4dE/a3d5ed91052e2ccf024b2e2f2ffc749a.jpg
물냉면,koean,no_time,https://img.piku.co.kr/w/uploads/7zd4dE/7eb1ec681dbd7055135eb9d4953c5108.jpg
조개구이,koean,"many_time,perfect",https://img.piku.co.kr/w/uploads/7zd4dE/13236aee608ef29ce9b99ed5010f74fb.jpg
설렁탕,koean,"no_time,fatty",https://img.piku.co.kr/w/uploads/7zd4dE/89e977551a17e46909e1effb0a0ca0f7.jpg
족발,koean,"many_time,stressed,fatty",https://img.piku.co.kr/w/uploads/7zd4dE/71735cc2d94b1f7ee48d41502752fc13.jpg
물회,koean,many_time,https://img.piku.co.kr/w/uploads/7zd4dE/233185c4a900983dacf33ab698d53c16.jpg
우동,japanese,no_time,https://img.piku.co.kr/w/uploads/7zd4dE/e30194ed51aef548291209a92d0ef107.jpg
갈비탕,koean,"no_time,fatty",https://img.piku.co.kr/w/uploads/7zd4dE/7f185b5f43a936a98c649cf2c03af25f.jpg
제육볶음,koean,"no_time,stressed",https://img.piku.co.kr/w/uploads/7zd4dE/e76c2761044df0e76088414bb21c7612.jpg
짜장면,chinese,"no_time,needsugar,fatty",https://img.piku.co.kr/w/uploads/7zd4dE/71d36114bcfe440aff71a89a0a63d4eb.jpg
순두부찌개,koean,"no_time,stressed",https://img.piku.co.kr/w/uploads/7zd4dE/bec13e127d21c5c9c554e6eb0b3cc16f.jpg
산낙지,"koean,supper","many_time,stressed",https://img.piku.co.kr/w/uploads/7zd4dE/e23cf35df97f8adc86e8ca1cb9e6e575.jpg
라멘,japanese,"no_time,fatty",https://img.piku.co.kr/w/uploads/7zd4dE/73c9f65f4fc234f630e1121a82414cdd.jpg
토마토스파게티,western,"no_time,many_time,perfect,needsugar,stressed,fatty",https://img.piku.co.kr/w/uploads/7zd4dE/1927a38cced70a1a057a34efbf164a1b.jpg
쭈꾸미볶음,korean,"many_time,perfect",https://img.piku.co.kr/w/uploads/7zd4dE/9f0df2154ad18368256cc6658aac7a3a.jpg
버팔로윙,western,"no_time,fatty",https://img.piku.co.kr/w/uploads/7zd4dE/31dadf96fa432aadfc7913a24b724e18.jpg
바지락칼국수,supper,"many_time,perfect",https://img.piku.co.kr/w/uploads/7zd4dE/8e003c732e7c2dac43013e92f5a6adc0.jpg
타코야키,snack,no_time,https://img.piku.co.kr/w/uploads/7zd4dE/3d8d7847ee587c0b5ece901605cd19d3.jpg
쌀국수,supper,no_time,https://img.piku.co.kr/w/uploads/7zd4dE/826d3b7151896cd9b5499a9d7832cf5f.jpg
불족발,supper,"many_time,perfect",https://img.piku.co.kr/w/uploads/7zd4dE/e3a0d03bdbd134e617baeb523a4976b4.jpg
돈까스,fastfood,"no_time,fatty",https://img.piku.co.kr/w/uploads/7zd4dE/c8737b78a39141429e2a6db97c9212e3.jpg
비빔밥,korean,stressed,https://img.piku.co.kr/w/uploads/7zd4dE/269499fd85186d992d2a6c1e47704b55.jpg
짬뽕,chinese,stressed,https://img.piku.co.kr/w/uploads/7zd4dE/cf7113a82d289aa0d7fbb7c2ebab7448.jpg
카레돈까스덮밥,japanese,no_time,https://img.piku.co.kr/w/uploads/7zd4dE/857db7f1c9ebd4b36c0b0c3395f42149.jpg
대하소금구이,korean,"many_time,perfect",https://img.piku.co.kr/w/uploads/7zd4dE/1c665d65913ab981243a7efabfb5d091.jpg
인도커리+난,supper,"many_time,perfect",https://img.piku.co.kr/w/uploads/7zd4dE/4051a5c12d30f604f8af0c8462d18761.jpg
함박스테이크,korean,"many_time,perfect,fatty",https://img.piku.co.kr/w/uploads/7zd4dE/6d2be9dc5deac4997868718f1938bc40.jpg
잔치국수,korean,no_time,https://img.piku.co.kr/w/uploads/7zd4dE/74b0a9bf031cbfc9d0ab9e6b10272504.jpg
돼지껍데기,korean,"many_time,perfect,fatty",https://img.piku.co.kr/w/uploads/7zd4dE/ca3756f7c540ddc0aec16644064d7da7.jpg
훠궈,chinese,"many_time,perfect,stressed",https://img.piku.co.kr/w/uploads/7zd4dE/f05950e59cfea9a389c8a7bd89ee1966.jpg
삼계탕,korean,many_time,https://img.piku.co.kr/w/uploads/7zd4dE/88252f37eb0c491da197ca6b8d5edb2c.jpg
해물찜,supper,"many_time,perfect,stressed",https://img.piku.co.kr/w/uploads/7zd4dE/238e6418db8fafa086a93ebe972580e3.jpg
로제파스타,western,"many_time,perfect",https://img.piku.co.kr/w/uploads/7zd4dE/fb6bf4f34d4519cbe9857c3c57d0e1f5.jpg
육개장,korean,"no_time,stressed",https://img.piku.co.kr/w/uploads/7zd4dE/f1ca5a1ba47380e5519b06a26007c130.jpg
떡국,korean,no_time,https://img.piku.co.kr/w/uploads/7zd4dE/2eaeb0c26fc24de91c2e69683875c419.jpg
해신탕,korean,"many_time,perfect,stressed",https://img.piku.co.kr/w/uploads/7zd4dE/ffd720a8d3582584cecc2289a0463776.jpg
김밥,snack,no_time,https://img.piku.co.kr/w/uploads/7zd4dE/3246ef78b85907d442c3d50e770b31c3.jpg
누룽지백숙,korean,"many_time,perfect",https://img.piku.co.kr/w/uploads/7zd4dE/1280cc5ff585b6ae16078f70bdee6d44.jpg
불고기,korean,many_time,https://img.piku.co.kr/w/uploads/7zd4dE/453ecf2e7fb2ef268a8e118c1632cfb6.jpg
비빔국수,korean,stressed,https://img.piku.co.kr/w/uploads/7zd4dE/97326c1bf86b4fa2f0c4437681c0b0f2.jpg
깐쇼새우,chinese,"perfect,many_time",https://img.piku.co.kr/w/uploads/7zd4dE/6a1f181b3857ada0a56afe395c603543.jpg
소고기무국,korean,perfect,https://img.piku.co.kr/w/uploads/7zd4dE/dfb853b1e3cffeb45b6e519a09a2eb90.jpg
낙지볶음,korean,many_time,https://img.piku.co.kr/w/uploads/7zd4dE/0e110f2de8c10530deb6626a05bb4656.jpg
오리주물럭,korean,"many_time,stressed",https://img.piku.co.kr/w/uploads/7zd4dE/0038b45710fb15432a42397c1063e870.jpg
두부김치,korean,stressed,https://img.piku.co.kr/w/uploads/7zd4dE/dd0900c55bd3c9d994dbf5cd6a5bb933.jpg
마파두부덮밥,chinese,"stressed,many_time",https://img.piku.co.kr/w/uploads/7zd4dE/3c43f8280aae32de605e9d4c93bc6bf5.jpg
물만두,"korean,chinese",no_time,https://img.piku.co.kr/w/uploads/7zd4dE/5089e5f02559b61bf117dc79e8a97b34.jpg
오일파스타,western,perfect,https://img.piku.co.kr/w/uploads/7zd4dE/c3b122c9c197804cc4c53191756b20d4.jpg
깐풍기,"chinese,supper","perfect,stressed",https://img.piku.co.kr/w/uploads/7zd4dE/c92bbadefa8a8502ba4fddc9878410f2.jpg
비빔냉면,korean,"no_time,stressed",https://img.piku.co.kr/w/uploads/7zd4dE/7f4b6ee9f0a32e68f4d3a2172b56a464.jpg
군만두,"korean,chinese","no_time,stressed",https://img.piku.co.kr/w/uploads/7zd4dE/8cf663d92402749aa4a1d00188959d90.jpg
대구내장탕,korean,"perfect,stressed",https://img.piku.co.kr/w/uploads/7zd4dE/29c10e595e6e34cd358e3a0e62c2177f.jpg
메밀국수,"korean,japanese",no_time,https://img.piku.co.kr/w/uploads/7zd4dE/5fa38ebbeacba3fbbcd21553396d8866.jpg
청국장,korean,"perfect,stressed",https://img.piku.co.kr/w/uploads/7zd4dE/343c48812189f6ae0c816c36d7695e32.jpg
참치마요네즈덮밥,korean,no_time,https://img.piku.co.kr/w/uploads/7zd4dE/ee1815ac9914af7b7e9075091561b162.jpg
꿔바로우,chinese,"perfect,stressed,fatty",https://img.piku.co.kr/w/uploads/7zd4dE/6434ae47472cfced377c27d01ca1c9c8.jpg
닭한마리,korean,"perfect,stressed,fatty",https://img.piku.co.kr/w/uploads/7zd4dE/36367226398b206f53d40d4f99e114ae.jpg
중식볶음밥,chinese,no_time,https://img.piku.co.kr/w/uploads/7zd4dE/e785eeaa02967171ca54c86cdd17a81f.jpg
타코,snack,no_time,https://img.piku.co.kr/w/uploads/7zd4dE/1aac93a7ecf2a330d99d40b88033a842.jpg
문어숙회,korean,"no_time,stressed,perfect",https://img.piku.co.kr/w/uploads/7zd4dE/90db99ffff38b36395025265c5a4b345.jpg
찐만두,"korean,chinese",no_time,https://img.piku.co.kr/w/uploads/7zd4dE/a0f6f7372a13a97c2d1c463abc764a40.jpg
매운탕,korean,"stressed,perfect",https://img.piku.co.kr/w/uploads/7zd4dE/12b0d4134a7456fc5bf79644947a982b.jpg
고등어조림,korean,perfect,https://img.piku.co.kr/w/uploads/7zd4dE/8ea316fecae67f5a503d061dac47af6e.jpg
아보카도샐러드,salad,no_time,https://recipe1.ezmember.co.kr/cache/recipe/2020/02/22/4554f03378f8a997d9a54285322001971.jpg
새우샐러드,salad,no_time,https://recipe1.ezmember.co.kr/cache/recipe/2018/11/07/1462b80a25e7397a4d0d4ee9012610121.jpg
크랜베리샐러드,salad,no_time,https://lh3.googleusercontent.com/proxy/vVOaLEYM9VeMBaalv0EEtW4C-hfahIHRX2C3FcGS9NEqkwMnDB2ZBj1iDxD5j0Dv1WUc_ZrSY6YsDJw5TpJwsJADj9W-gAb9MCcpLlFRKXiRnLyohW4
감자샐러드,salad,no_time,https://recipe1.ezmember.co.kr/cache/recipe/2015/11/26/b89df75d19ee699fe9c675b488f8e1c9.jpg
치킨샐러드,salad,no_time,"data:image/jpeg;base64,/9j/4AAQSkZJRgABAQAAAQABAAD/2wCEAAoHCBYWFRgWFhYZGBgaGhoZGhwcHBwaHBwcHBoaGhoaGhwcIS4lHB8rIRoaJjgmKy8xNTU2GiQ7QDszPy40NTEBDAwMEA8QHxISHzYrJCw0NDY1NDQ0NDQ3NDE0NDQ0Njc0NDQ0NDE0NDQ2NDQ0NzE0NDQ0NDQ0NDQ0NDQ0NDQxNP/AABEIAOEA4QMBIgACEQEDEQH/xAAbAAABBQEBAAAAAAAAAAAAAAABAAIEBQYDB//EADsQAAIBAgQEBAQFAwMFAAMAAAECEQAhAwQSMQVBUWEicZHwBjKBoROxwdHhQlLxI2JyFIKSosIVM3P/xAAaAQEAAwEBAQAAAAAAAAAAAAAAAQMEAgUG/8QAKxEAAgIBBAEDAwMFAAAAAAAAAAECEQMEEiExQRNRYSJxkYGxwQUU0eHx/9oADAMBAAIRAxEAPwD00jtTj0pp3504GpIFNAmnTQmgADTqYF7GjHagCaae1GlFABXNFWmlSmhIYNIg0qU0IAaQNGaHvegFNKaWmhpoBFqaX9xRI8qBA7UANU84oEjr94olaBWgBqHs0tYoRSOHPKgEWX2DQOIB19DRZTTQKAWvsft+9ANyA+/7U4ilQDdXYep/aiWPb70IFAjzqQHWe3p/NKlp70qAl0gaY00Qe9QA0iaWq1NLn2KEiPlUI54HFGEgkgFnN4Uchb+oki3nUbj3FvwUgEa2Bj/aObH9P4qrTG/6PLF2vi4h1Qbkf2hvIGT3Y1nllqVLxy/8F8cVxt+ejS4WZRiyqQSphoMwSJg/Su2qsjgZ3/psAavnaWady7XM9YsPpVpkM+y4afitLvAiwMsbCB0G57Gu45U+GcSxtcroup7URXJHJ5/lT1Y1aVjh50vShekw92oBTSBoafL0oBfL0qAO1UC1Ijy9KVADV5UpozTD5/apA4RQPnQFIGfYoQLVQ1jrQAv/AAKdB6mgETSmm6D7/wAUgvc0A4tTCaJHehFACTQY0YpsGpAtY9ihXLQe3v6UagE8jzo0ye350ZoSExUbN5lcNC7bDbueQFdjWU+Js9JYX0JOwkkj5iANz/SPr1qjPl2R+fBdgx75V4OGSX8bGbGxD4Eh3J2JHyJ5WmOigc6quI8WGLmVLzAuqcyAfAp6SRqJ2hT2rtxDOKuX0KYRV/ExG21uQCRB5LZQD0HSszkAVV8ziAgvcdkjwqvcgD7dTWJS4967+Wbttv2/hFrxDPNiYygXgggcrc/qfsDVlhcS/wBdTiGdKwI2BO7H71T8LwiqnGezvcD+1e30+3mafgnWxPNj222Fd4rlKvbl/cqytRjfvwvsegZDNa7gyKtUNZnhKFBY8r7Vo8u8if2/et6MBIFE0xTSJt0qQOBoUwn3ekPKgHyO1IkUCe33P7U2e3v0oBxigaYGHQj32pB+hmgOgigBQ1dqXL+aARNAyKbFIrUgOugDSCj2KC0IHTSoRSJoBGm0qRoBsClSv7mlUgkECkaNA1BJyx8TQjv/AGqT9QKwmYe5m5NbDjr6cB++kf8AsKxYM+I7DYfl62+1ebrXckj0NIqi2Rs3llxFCNMSGIBgMQQwVuo6juKi5nLti4ih1/0k8RNvG0mFidhcmatFXck/5/z+VQuIYxVQoi5IgbkQZPrWbG3dI0zSq2Rs3iI7wmwseluQ+9W/BsrJ1H8jVZwrIEwoHma2/DcoFW8hfuT0Hu1enixqKo83NkcpWScthco+t4qyQBRUbDPIDyHIfzXZAfPuf0H+KtbopoeT9Pz+lItHIk+X609F5nf7DypYzgCTXM8iirZBzcwNTtpG/KPuL1BzufRVHjmdu/YBRc9qq81mNbnUCeQvYeQir7hfA0RfFdjBPQHoBy8+deP/AHOXVt44cL38nVUVWX4hYNpYLcHUpRuzRzW3MVc4elgGixve5v3qTxLJa8NkQhWKkKxAMHuDyrG4PGGwsJLAFDGIDclg2lgAbcvv2mrFkyaR1N2n19yUt7pdmrG8BvMbntB5fWabipAE3nYEQaxjfErM+pCqEg8iRPIkSK1WHntelWgOoAYf7ok1o0+s9R1JUyyeCUIps6q/f1roW+h9+tBE07iuBbfmJ2/brW6ygkB+tON6ia/P67/TrXRX+oroHc7UAabroBhUgcaE0C4oaqEBmhqpF6YTQD5o1ymlQErVTCaTfWlQkqvidv8AQI6sgA63mPtWPOMD/wAV37tVn8U8UDPpB8KA36sbT+nrWVzOESF1TcSF2sdi3nvHcV5uRPNke3pHo42sWPkl43ExEJ4m6/0j68655HJu7amkk8/26VJ4dwstBiBWq4fkQIAAmtOLBGHXZmy55S7Bwrh6qJOw379h3q0U6j0/ICkVmFG3LueZqThYNrbcz18u3vnNWt0VJWPw0tAt+f8AFc8TNqhAifLlTs3jaF7n8qo8fG3JMAXJrwtf/UJ45rHifPl/wbtPplNXJcGgy2cR9t+nP6daruK51dgDaQ1+nsVmMTiS7qwG0TNx9NqgviYuJ+J+GPEWCszSoFh4QW3aInoLb1VLU5s0NsqXuyM+kePmHN+DQ/D2MXzBVohCWG94iLncyeXSt2HivPvhDBbDxmVnUtokgGYki1/rW9KyB2rdoUowbj7mKUZR4kqZ1w21Ca81+LMgVzDyJVzrUdCQNX3H516ThrpEVifjM/6yf/z/APo/tWnUQ3xW73LMD2zsw/4Glo2PfatdluJMWVl0sxUF9WoGWXk17C0GKy2exodYkkEERvPIDvNc8T4icuHYyinQCBZo+ZhG4nbsJ52x+k1JuPXB6O15Iriz0XLcRLEsVYQACD0HQ87VKfGRoawm8ev6VheNfEDYYTQAwdCykk6SRyOkg8xVXlPi/Fa7okG406hfpctPlV0ZTiYM2PZTrh9Hor5gGdN2UwRsQehG49m9LDzIJ2g9Dz8j19+WHHH3fMLjKuktpQqJZWC3bxQLwCY5Vo8LOpiJrw21fKbbgkBlBHI3Fq248qkZrLxHp6veoKZgb7dQdx39/pUlHq6wdg3anqa46jS1mpB1JoF65zS/DqQO10qH4YpUBKY3qo+IOKDCQgG5BNtwNrdztVjmsYIhdogd68u4/wAWbEdjNt+1uZ7C9us1k1OWltj2zVp8W57n0gI/4uJD/IvjxBygWXD+th5T0qwyuCcZy52Jqq4ZgsECn5nOpp/9QfIfcmtpwzKhFG3rXWDHtic5sm5kvK5UAVY4WHA7m305/t9DXPBSbAj1NS2QbDnb6Df33rQUDFAAk8/CvlzNdWzCLdmUWmCQPKs18UcXOCp0mGafFzVFMQvQk/rWAxcVnXWdLAnlc/1FtRN5ED/yrFmzO3GP5PZ0f9NeWKnN0n18npGczeokzM1UcSxwEKkyWExzjlWHy/EXRVdT4WJUqJi2ynlJFxz9b3PD86MVi8HkJb+6LCOlo9K8RaFxnuk7V9/JsyQjij9LsbkVfWEBK3H2Nj3ItWvxMgwXSWY6gDq6Qdhff9qq8DBUsOoPhIH2Pbea1+QAdADYixFejLTQnHhcnnvUyjLkxOE3/S4sqrPiG91sAdjAJO29+dejcHz4xEDcyAY8x3qobhio7YhPiaB8pPO0VDfNlS0Fl0yZgAKdrnY1nhllgklLz2TlhHOrXfubR3tNeZ8f4sj5nEE/IFSZ/tBJH0Zm9KfmvjJyIRo0iGcAzBkTp2tEzHoKyOZyTl9UEhwGsZg3kSDfY71uy5XOnHozYcKjJ7iNxzOFW1IbqZsYIYXB2vEVIzBXFwsEMNDXXTELIOwEeGQR28hVXxjh7oyFjZ0DMDYqW8SqZvq0wdrSRFr9sXPO5QojFlYwoUtsPCdM7G01dh2qP1q78+zPRwONNxG4QxHxijhlXxShsF1CbDYWAP0mrf4Z4AmJijW0Iskg2JsLA8gb7XgCpL6mUY2IuhoCHmylpPL+kjVHS/eei4pUwN99+dhH0AFU5bhNVymuBmgpYXu7vg3WI2CMP8MIugWAgADyFVHCODpgO7YbsUcA6DcqVnZuYg8xNtzUfhw/EGp8RQJgLN/4q7y74aWHiqyDvlniyiiMVhg87H7c4+lWCEC0+XlXPNQbqIHMVywXvF+o/Ue/2rTGRW0Tw4rqGFcEauoFWEB8NOBFNgdKLDt+VSQHUOtKmwOg+1KgMl8R8TLtoQnSu5639+71jcQBn0DYeJv0HvpU/O5jQp27/oKh8OwyYn5mMmvLwxlOW6R6eaShHbE0XAsqGOoiela/LYcmIH0qq4dhaVUCfQ1osBYG0fSvTSo85nVBpFccTFiTz+UT1N/yj0rqSO9RcZh4bbsfQgn9qh9Awvx0CjKSAwKCJncMxO3MagfrVFg8UAQJpV7HEkmYnZWIFmMxWp+J1GNiMnJIA7MFnn1JiPPrWMxcq2GjMFGljEi0lSRqA3HMbxbtXj7oSk0/c97S6vG4RjJ01xyckJfE1kKFgsQbsAEkNG0NKrPlS4B/1DY7DA0eGTLgFeWoMeQETaLiuWXyuKwOGq6AxGpjvA2HcA3A9dhGjy+TZMMYOXw5kTiYj+FTcGAxidhO/L63SnGKpcmLWamNbYu3d2jTcLwWx8PWWVcQO0aI0bkXCm/cyetqvuE4oZTbxKdJjqADH1kG/WvP+A5bMYGIxw3wntL4auZKgxqGoC8kCrzhXxLg4TYi4pbCZ21xiqMIzAUAamANgNj6UxT8IojP1I2zVZ3iCKAW5sEAi8nqNwIBPSBVJxpF/DLBwBy8JfoNh5ij8RZw6UL4I0swALkKB3kSQBvMd/Kp4dwtnGtiyYIl3DkB2IAKhXnQyAM3j1C4UEmDOmWGE19aL8b2K2xjjAdQowm16iPxJZizch4UIZptotERNVGfwEw1/DcnHxi0jD+ZNQsoxGmOZ8Aa8mSJitFhcKVMHQgxQGgasAhS6wY/GzLJ4t9kUAWAkVXZbMNgnQuWy2Ax3L5lXc8pC6GOwB+UX71DlGtsevijiU4zteCibJO2M75l/wARcLSzFSoUMRJSYALLAECbGp+DxlcFmwdJJDEAbsxkiRaTO/1irN1dypTFxdQmyZdnCgiJQ6UC22aLDtTP/wAQcEl0wy+IfDrxnQsoJuQoZT17naayzyRpxfC/Y7x6v0nVKkVmdx8TGRwFbRBBYadIK3gMzAMQRspOxE7ioC5+JLJBUAkEcttUBo378x1qVxDKuCuvEACC2HlwCxFjpAXwKB2n7VDwsnqglHRAulQxII5aY3sBHe+813BRlGvwyJayWSXKVfHg1/DsqhUOHE76QpiOkz+lX/D8xguACArbEGxB6X38xWA4fmXwBAGtBtG4vEX3FT8txH8R3OnT4QfHvIsdjflaeVUSlPCrXP3OlijlddHoxyyRG4PLt+lUeeUYTgG4sRv8pkT9K4ZDjo0w2sQF8QAgmBJ3kdq653PriKCIGmbzJItv3/etuHLvimkYckNsnElIwt73rqHHQ1XZd5Rb8vsbgfepGvo1a0VEwYg7/ekXB61GXGPU+ldUxJ/qqQdrdDQpv1pVIPIsdtbhd1W7f8uQrRcAywJ1R5ezVFwzJbLEk7mtxwzJKqjw/b+Kpww2xotyz3Ssucot6sRUfKYIC7C9SQg6VaVCZqjNMjsAO/098q74iCubgah2F/0H5+tcy6BkeKp422BZntzu2gG94+28UF4euIFUHwYcEzzY6nieZ8QnoB3FOdTi4js7hUDPhlzAIgrYdW8feq/jfEJTRhKFQCJPPaSBzNtz13r53a3kfyyGTM7msDAI06XcNcRN7czYCCbATsNt6XPvmHy75lXgnE/CVYuYkkrewEkXF4J5ConBsu+LjDQI0qZdhIQGxZRtqiQB3PSR3xM+csPwIhQ2uCJBPJlJ3HnN6vilF9WzRh0ssqbul8lVw38fLurlGbFLKxMMw0EkePSLCJsLXr03NZnBEpiqQh8JYL+IhkE6YBMExz6jmQKzeU+LtKliFM7+EKe+3P6VLyb4OaR1VW0uo1SzA7yBbmDzHberFuyzTaqjV6EcaqT/AAcEw8DDL4eDha1LeFcV2ZdQDLC4aqIgDSRLHYEU/AwcwrHGzGMixABxGGGuGsn5cFJE6RA1FSNO/TN4uRzeX1j8T8LD0AYjqxEKCYRCfFeeW/Oaj8evhpgw2Esrr1SzYmlQymV1BRpJIn+2IEEV6ySkqS/U6klVRX6m2zXxZlNYVsXW3KATuJBEAi4M260zG45hoFZHdQ+rSS7AHSdLEB8RAb22rE5LK5Y4uCxfEGnTEgQ2gqUiVBNhEhSLCY3qvz3gXDLIxUNYMAF8RZnRTpkqDBkz80CNzS9LHq2UvEl2zWZ34jeZOYdVZgFnBYJM/wB6s2rlsRUDiXFXUj8TFXGQ6pKYzKTu3yspCgDt03NVnAeDq2Y/CAYggBvCxPiBIELY6R4p7japfGeEYKNrx3KWKBAUd2sRsvhSV/uNvtVf9pBPn/pS8PLt/wCzhl/iVZ0hBqYyNQE3tAPTtb71IyT4xcYaqdABYIQNQXmx6CbiahtmwkHCAwlciSil8Qi06sVhC77KAAIqqbNY+BiYmjFxVDEAsTOqBPiMQd/vXXoqN7eCFikuIlwnFQW0i0EiDyI3nvIq44PnwJkAE7HcxMkH7e9qXg5OIHIVde+qLmTN/Teu2WxFVySPlBbTcX/b+Kx5o7rRonllD6UqfkvM1xT8J2DX1AFQBYj+k3PKI+lHK57WgeNIJNvI8+tVucZ8QJiqZSNH/EyTpPYyb9vXvgZhkIQMFESRAueSgG3fauscnCSVdmGUuTU8JxtSlZ228rwD6/lViE2vWb4RjABz/tb7FT+gq4yGcBW/WPQfzXproE9VPX7U8sfPyrixnmQK6ooHM3710B+o0qdHu1KgMhwTIx4iL1qMsmwj7VxwMuAABVrlcGBP61IO2Gfd66Bq5g10Q1AAxqOQJvNwPUCCKkubVHdhYHqfXl9ifSuX0BmZyiuBqXVpIN4gXBi9rxXjzcLfP5rEGorhYbsJ3VVDEKANizAE+vIAV6V8QZseHDLMFN2Ckrc7XF+s1FwMJETwqqJMnSIBY8zG5NebKd5JemuVxfsbMWCkpT6fj3OOBhLhKuHhqFVdlAgf8j1J6mnZlVddLoj9AQCB689/Wpi4GoC2+1diqYcnEgAXJJgATzM2/mkdmNd8/v8Acue6b4Rl8b4dwGvoZL3UMY58q1XC0w0RQCqkQoJhbbSDyMT9R5VUrxBdJxdNjBUESIJEC3mKhZ3iyBHcuJIMCLAKTyi5P5eVFnSfCOvRk+2VvxVxUYilAjKA7bEMg0sDJ8XhPhuYAbe9ZXMl1ZWJJLXDSH1TfwwZ58o3O1WWEGx8HEdY8RXDYkxGo3hRJJiIsBWu4L8LhFSwWflG5WZJgmTuZ3rVjzNJpLnydSkopLwZX4dwsdQ4Yq2HpbxMwwmXlqV3hfDqkA6huBFc81lcmqs5dsx8obDw4Cq39zYrbkxfSLnnMVpPif4OXE1EMylQTIMrK7FlNpi0iKwGAhQqVOjE1kOS2wJj5RYrJ36jarMeXc6fD8oplwuOi2xfiHHKHDQjCUnSqIGGoAAAOzHU7XuGJJqGvB8dmdAhZVcKC0AAAbHURIEi21jScq8NiuNIYeFdKkrq+Zv6VJAmJJ861WQ4wMRHZMJgpUokiAWYxKyLiJvXOpySxK4qzqEYydNmTzuRxVOhVYCYiD4mJksSJAWTtsOXUjMZTEbSxBGr5gxsrbHb+kwL94rTDNfLrAOpWErAgzI7EG4+tSsTKa07x58o/T7Cs0c85uqRY4Rg7srOD5bCwW1HGDOVK6QABe/WbEV1xeHh21MpDCVYLZtTMoB6FdLFiOwqsXh+lvCpUjptvPvyq14jxELhriLifhuukEQIaGEDaWBBPWImou58FGoi5fU+S04WqEsjtCMAjEi4vAcmYBB8X0qFxbh34WZ0AfIpaepJj7gTVdk+IsVCqYcsBI6FrsD5VZcSxHZ5JMkXMydzzqYLdNJmKe11RI4YYGI0f0ED1UfvXTWVRY31MfQKKblP/wBLHaSijvElvyFNx2hUHYn1Yx+VeglSOS3yObJ3irTCU7hh6TWTw3INXvD83NpNAWcN1HoaVLWOppVIJOXwOZqbFopgFP0mpAgtOpvOjFQB8VxZZt6diP8ANdQK5NagM9xrgRxf9RG0vAOm8E7mG/SPSs5nMTNJp1RCx8o36kzuRcTXoOG8W9O45H0iaznxZhsizqsZIPMBokDvXl6vGsaTiu3ya4amdU+aM1mfiFy6uxG2kqJiJI2vMQthzPmapeI8UxH8JZjIUMJsdO31mu2bw1QA7Ej/AMQeXmbVVlyxtYfc9aqxxj3R6+mg3DfPz0vgONjuQA3y3AAFuUjz2o5vCcgKwK6RMSJhgGHUXBFdlxSUVAxKC4WbTJvbuT3q44dwB2YM8Km5F1LDoNyPzqxulddEznBcOuS14DwpVVMNABrC4jsWaSYaBGxAnoJ61vMtg6Qg/tt9Nvyqq4Tkl1q9gFBUAc4EDcbRatBgIACxO0yT0G9NNdb5dv8AY87UVe2PgqfifNoiMp+Zrd/fKvDeIYoXH8MEwoZYB1eLUBJEDZZ7ddq3PxtxQu5EmJixv9u3OvPnwvHadTEmbkwNv0Fd6aTlOWT36OdSvSxRiu+2NzWTIYs7SSS0zAk3MX6mtJwHjbvhthsQCgUIV8MgSDJ2P80zIfDoYH8RRDdTLDePEIg227VNfgxRg6bIoCqogiJJN9zerMslKLT5MuCTjLc2Rs1iKukLusyQL3N2vAbbnyirrhzsyCD+571T5/hLsqusujjVqW432jcGZty2qVwrEKiCNrxt6Dz/ACqmLUabNznHJF0WWYytp3Iv5GKzGZZcRWVrAm0ciLg1ouI5r/TJC/XfesthIzEkbCb8tif0Nu1WSldNFe1pNE3gOVKsuq4UT56RYepFXmIwZrDkPIWFU759cJBqaCw6XiwmBfe/0FXPDU1siDaBJ2sBc32MSfpU4VKU3KuDzq5JuKNKIg3I1kf8rLy6AetR8y/iIB2hR9BFdWx9eI7/ANI2HYWUX9aiAm9byR6eZ9am5ZyCLn1NQk8ql4RvQFh+Oerepo1D19h9/wBqVSDdExRHlQC9/vRNAMkexTgfcGmp504H37NAOHl9qa6+4FOFKKgHB2tYc5H/ANfafvVL8SlnwIN9JABEQf7ZPpV4wqu4nldSED5SQHQEix5qRteOorPqMXqROlKjzHiajWwmQtp6gWB+v61UYnFhhh006S1tUf0wLCtJxbhDKxh0YyQRMEEbGI8U9hvyFccH4T/EQ4mIwjYLB31aZY7i52rHhnGLPY1eqxvDFRftx/BmPhvGK48qNaRLBhboDY7zz869ey4Lm5USAQBPPcbe5rD8N4SctmcMb6jYMfmA5r1iZB7VtMtxHCwZZ2uTpiJMzsAN641GT1JqPjt/Jl0/MXKufHwanL5cIBAuPd6ofi7jy4CjCUiYJb351ScZ+MtLaUtI52PpHY1jMzncV8Rj/UpuTDX6DlFS28lxSpe/wdxUcbUpO37fI7NYmolnB5wJiRabVJ4VkkeHI+Uyv3FQsTJ4rguXLQRaAoHYWqd8N5ksrqwAKuVt+1XRS2pR6M2dyk7l5L9JKBJ8IOoC25rsmFqtUfMp4QQ2k+Yn71ZcIwNDq7ksD6dPr5VMpUUURszw5kRmRyhiTpHqVkeFvL86xePliSbnrud69Qz+MG225VgeJZdkx3AWUPiH+2Ry+4+lcuLvg55XQ3JZkldJJI5k7TPW/XaOVMXA3sANRnv0Hl+9djglbLtv3v17044lpPOrI6ZdtmiWeTjtf5KDM5UvmTaNCrvs0/KPItP/AImtko/DwyQfFiWHUJNz/wBxEeQqNlMpJ1uIRLxznkoP9x+0TUguXYu30A2EbAdgK1xjSSM7OLLA0/U00Cu2mgFM/wA10QDCWpeGL+/vXNFqQlSB8nt6UqOodqVCDbgUTXORRtQkIinTXMNSBNAP1UAaE0qALC1ccRZt78qfQIn3/FQDPca4QzrqRlBUhri8jm/94ix7d9s/meH5/SERgV38DBRc85g8pi9b1h/moTZYqfCQB0Mx5A8vL86plhi+jpybSXsYLN8OfBYax+JH9RljPYmY7VKwclhuVdMcowggMSSCLysmQQRVnx1cRm0yoI/pIPfxBgbg9IqA/DFADf1ACT36iNr1jlp5Nuid1LsbxfhiusuyFzzXZu5H9J97Vnhw9keWkyd95Pn1q/dW5nUOjX9DyqFmMdcIhiQFJujbN27HvVbhOKoshJbk6LLheUlHH/E/ZpqjyKfh5h7+BzabXBi/mPyrT8OxUZC+G1jIIO46SPLn51R8YCFoXlt9L1mx55Rlsa+5tnjjOLZdplg4t76+VdcBMXSFAACn5TBtynqAa48KzilAZgkSR0PP7j8qsRj6dq2U5K0YHw6H4mIrHSGUte0ibb2ms9xZjrAZSCAbERP7ip2azC4SgIh0gciABFvEZmqI5x8SZEAGwH7mrcKk5EyUV0wtiHnuelSMpky8sfCiwWY7C9hbcm8DnXNMOPE30HP6V3fEZwF+VBcLyB2J7t3/AIFbEioc+JrIVQQi7Dn3Y9WMfSng9jXIdBtXfDQ+xXRA2/SnKO1d1Q9ffpTlQ7VIGKO1dk8vtRVDT9BoQGfOlT9B7/ajUg1tJq5tNGagBC06glOAoSKlQmgTQBpWoe/d6M0ACtMZfqNq6UgaAg5zJI4nmJg8x5H9DNUeZyJHyuZHUiPrArTthz28qrczliDNRQM06GRKMIvEE/cVFzA1Spt1B5j67itE6D3b/NQcxlwd1+38Vy4JkqTRmsPCVJ0HRO+kkD0FPwMBmJGtYAnxS1p5WN79quBgKNlH6+tcDlVBlVAPYketcvFF+DreyvXDlxpJTkW5W3J5bSYrpOLqKB/CJOqNxJ0kCTcgi3rU78M/2zQUHy9P0vRYYnL5IbYbn52kcgbR5AftRRAohR78v3qUcHt+X73+1IJ2/Ku1FLogjDC5m9EpUnT2o/SpBHTD86l4eGe9BPI1ITyqQBEromHvcU9fI08KPY/WhAFQ04J7NOAHQ06POpA3R2pU6O9KgNJHX396Qoieh+1IKe/2oAAUgKdfv9qJ+tANoD37mnr9fSix8/QVAGe/d6TGPf8ANH6H7Ur/AO77UJCrUppLPf7UiDQBrjmMMEf4rrfv6ikfr6igKd0qO+EOnv0qyxkIP81HceXrUgrjhdZjzNNbLA9T9SanFfc0wqI/n+KArnwQL6R6fxT1wpG1SoHs/wAUxwoqARjhj3H70Dhjt7+tSHYASPsP0AohO4qSCK2D5UDgdvfrUpkPT7j8iKDJ2+37UBwXBrouF2pwUdPsacse5oAaPfsU5V9+xS09/wA66Bfd6ACr79ijp9+xSRfcGumj3f8AepA3T79ilR0e70qAuxSpUqgCorQpUAmpi70qVQSdDXJ6VKgCu1EbUqVAOWlSpUAzG3qNiUqVSQcGpy7UqVCRjUMT5W/40qVAROVMwfm/7RQpUBIFKlSoQJqI50KVAOO9N50qVAPw9660qVSBUqVKgP/Z"
서브웨이,"bread,salad",no_time,"data:image/jpeg;base64,/9j/4AAQSkZJRgABAQAAAQABAAD/2wCEAAkGBxAQEBUQEBAVFRUVEBcWFRYVFRcXFRgVFRUXGBgXFhcYHSgiGRolGxcXITEhJTUrLi4uFx8zODMtNygtLisBCgoKDg0OGxAQGy8mICUtLS0tLS0tLS0tLS0tLS0tLSstLS0tLS0tLS0tLS0tLS0tLS0tLS0tLS0tLS0tLS0tLf/AABEIAQEAxAMBIgACEQEDEQH/xAAbAAACAgMBAAAAAAAAAAAAAAAAAQQFAgMGB//EAEQQAAEEAAMEBwQFCgUFAQAAAAEAAgMRBBIhBTFBUQYiMmFxgZETQqGxBxQjUtEVM0NicpKyweHwU1SCwuJzg5Oisxb/xAAbAQEAAgMBAQAAAAAAAAAAAAAAAQIDBAUGB//EADURAAIBAgMDDAEDBAMAAAAAAAABAgMRBCExElFhBRMiQXGBkaGxwdHw4QYyQhQVUvEjM7L/2gAMAwEAAhEDEQA/AObQhNeaPGghCSAaSE0Ak0k0AkIQgGhJboIw413KG7BuxpQmkpAIQmgEhCEA0kJoBJpIQAmkmgEhNCAEJJoAQhCASEIQAhNJACaSEA1uwp64WlZxGnA94US0Iej7xOFHzWK2TjrHxK1IiUNJCFIBNJCAEIQgGkhCAEJpIBoSQgGkhNAJCaEAkJpIAQhCAEJoQAnfzQSt7cBM7sxvPgCf5JpqWhFzfRV+zMxxXbPl8lpU/wCozS06ONzxkGoBIut1jyWt2zpxvhkHi0/gqRlFJK5MKNRwUlF232diGmmRRo70lcoJNJCAE0kIAQhCAE0kIAQhCAEITQCQhCAEITQCQmkgBWWw8EyaUCR2VoGvfRHHhfNVq2x4l8VujdRAP96qsk2mk7Mz4aVONaLqq8b5reem4XDRsH2bA0fqgfMb1JaTwPwXmWB6Z4gaOiid3gOafM2VaxdN5P8AKX4TEf7FxqnJmIUs7PvXuz3keWcHBWUtnhsteisddsbZBw8ZZnzWfuVWgFbzyUwxn+7XGs6byHdg/Wcn/YlJ0snI6sEbf2nOd+CVsFVm9qyv2r2NWjyvgMPTVOFTorRJS+DqMdgo5WlkgDgfCx3tO8Fea42D2Ujma9VxAvfQNAqfj+kmMcAPaBgJ1EbQPibI8lVFxJsmzxJ3rewWHqUYvaevUcPlnlDD4vZdKOa/la11u8fuZihCFunCBCEIATSQgBNCSAEJoQCTSTQCQmhACSaEAISTQCTI+SE0BV4Uaq1gjs0BZ5DUq5+j7o9HiXvlmFsjflDdwc/ec1cACNON+vrWCgZG0NjY1gHBoDR6Bbywrq5t2R1o4CVZbTlZeJ5BBsrEHdC8+DX/AIKdD0dxj6rDO3+8Mv8AFS9daU1dcmwbzk/Iv/ZqfXN+X5PN/pE6NMjH1qAU3OM7BuFmg9vLXQjv8Vwq9W+kXFiPBlnGR7WDydmd8B8QvKVgxkYxqdE1OUIQjVtFcX2iQmktU0QQhCAEIQgBCEIAQhCAE0k0AISQgBCEIAQmhAJNCSA776Na9g8D/MPv0b/Kl2G0tpR4WF00l0KAA3lx3ALhPo0xIzTxcczZB35m5T/CPVdZ0r2a/E4QtjFva4PaPvUSCB30TXfS61Kb5m8dbHpqUpf0ilDVLzOck6e4lx6kbGDgCMx83GgfQLXB0txkksbTLTS9ocAxnZLhdnKTuVLszHGB5ORruGVw10PDkV1uy9txTHIBkcfdNUfMb1wMRyhiYZ5tdtvGyuc/AJ4uSU8S4yv+2zz7HdLu1Oc6d4ybETNldGWQixDYq+JcQdQT38AORXMLu+m4H1cf9YV+65cIrUMTLEw5yWrbKcr4b+nxLjtXuk7vjcSE0LOcwSaSEAJpJoBIQmgBCEIAQhCAEJoQCQmhAJCaEAkk0IDPZm1nYPFsmaLFU9v3mHePHQEd4C9Y2f0xwUjSRI4ZRbrjf1RdakAgaryODZrsTiGRs0sEkng0bzXHfu716LDsiNuGOGj6ocNXb3E6au5nRKvKSwqjFZt9W5bz0vJeHxFWi5QtspPXrluWa69WT9q43Y+J60sgD67bWyh/n1et52uLjjb9aa2EktzjI4iiRmFEjgriPokB+nP/AI/+Ss9m7FigOcW533jw8AFo4rlSlUV0lfgmr9tzEuSMbiK0ZVacYJNNtNX8m7vdcrenjvsWjm+/QH8Vw66vp5NrFHyDifMgD5OXKK3J8dnDx43fma/L09vHT4WXlf3EhCFuHHBCEIBoSTQCQhNACEkIDOklkhXsVEhKk6U2JBCCsCUsEjNYZliStTiqllE35kZlFc4qPLIVKi2ZVSuWDcY6GWOZm9rjpwI4g9xFheobPx8csIna6m5bN+7W8O5ELx/ARSzPLWNc4hpdQFmgQCQOO9X+x9oPgD2DVrw4PB7wRfc4LVx+E5yMX1r03fB2eT+UXgOhP9r8n1P2fj1Hoo2nB/jR/vf1UTGdIMPGNHZzwAB+Z0XDtHiswwk0BZO4DUnwAXOjgKSebbMdT9UYiStGEU9+bNG0sa6eV0j954cABuA7lFUraGEfC4NkaWuLQ6j2gDdWOB03HuUVddR2Va1jjzcnJuer1vrcSELZEwuNNGvKtfQKSqV3ZGtCtMPsLEP/AEeUcy4fLep7OirvenA7spPx0VHUitWdClyTjaqvClLvy/8AVjnELqf/AMlpYlH7n/JQsX0bmYLac9cKo/HeqqtB5XMlXkXHU47Tp37Gn5J38ijQnSSynKGhCEBmhZUlSzJFQpCaFNiBELHKs0JYm5hkRkCzSUWF2azEFicM08FJhhc9wYxpc5xoAbyV3+zejWGbAGTsa+QnM4gmwSKygtIND4myrRg5aG5hcLVxDew9Ot6dh5rHhsrg9hLXA2HNJa4HmCNQr+HpJihpI9swr9JHE8/vFtn1XTYnoZh3fmjKw95Bb6O1+KMP0Mw8eszy7uvI34a/FZVTqxzTy7cjchgcansxfnl4fg59vSd90MLhyTuAhBPkL1VnDJteXRn2LSPcZFF/CM4V/A7DYfSGIeIFX4neVhNtGU9k5R+qKPqVrVMdShrNvhH508ztYfkHEz/7ZtdmX58jk8V0QxbQXvcwk6nrjMT4uAsqHD0fmPaIZ5g/ALq8hOpsk8TqfUrY3DneVzamMlN9CNu13N+n+mcHF3nKT4Xt+fMqMF0egaPtLeed18v5lXOHw4aKjaGjkAApeHwt/wAlvjwwBslVSqTzkdKjh8NhsqMEvXx18yGMOd63NwprRT2FrePC1rdi2Dcs6owSzZd1Zy0RrihritMuGFlYTY8DjwKqcX0igByiTM6h1G29x4dlgJVHsy6MFfsLxhUvdkDpVstpzTR1bazD727XvI+S5FdwTNOxwEJjZlNulLQTm39QEkedblzu0tjezJ9kQ8N7ZYOqNfiN/otilGcVaatuPK8v8kT2niaKurdNLVPfbstfd4lShCFe6PJXNyKWSFsGMVIpNNSLmNIpZLZBC+RwYxpc47gNSoJV27I00peytnmeURg0N7ncGtG8/h3kK7wvRbjO+v1W6nzcdPS1bYfDxwAiJmW95Fm652tSeOpRf+XZ8noMD+ncVWadVKMeOvgtO9osNn4PC4YfZso1Rc424jvJ+Q0Up+0WDstv4BVzRe8rJsGvMKs+Va8lanFRXBX9fg9dS5LoUlZu9urReXybJtpSHcQB3D+e9adXanXv3qYzDjetjIQNy1ZQq1XepJvt+2NyMqdNWgrEL6qsmxUpj6pR8w4i1WUFDQlTkzWTr/fktrKUWeZrdSa8dBqq2fbkUZ0bI/8AYje4aa9qsvxVIRqTfRTfZ9sX2bovZJy2sp04qOMWbN6Cr9N65rGdInt1+zjbehfq790uaL37syrJ+kETxQzTuv3rynXsiNoDfM2VtRwlR/udvP74manhJPq9DoNodIoo761kcBv8rICrztd81ezLGk1o460eZNNB8MygybbxYbTmR4dhJApozE1uDW8ed1VjuVlsTZkc8T5sViHAMb1jQFDU6Ag6b6+S2Y4OnGytd8X7aGZKlTTlN5cLv2XqacVsd73VNM143kB/VH6rgNHei3YTLYw8Ewif7QBoawBlbznykXpu3b1zWKlgmaMs8kNP/TNLg9n7cbOq6uBvlop7ejzX2YmFzXACJrg4Okdl5Oqmk661oNVsW2VfRbvbqI5yFrLW2tku93udLFgsI57m/WZcRJRztjIDGjebLR1deF2oA6SQ4eR2HghDWuIzvzOc42Lq3N1IBJ10s+Kl7Gw2Jw2HMYwZaSDZzxcqs0/ShwUTY8cU0rQ5lNYTJZObM8gVdXuOavJJ1IxzSSW/y13GnVqN0Zy29qyyzW7dos9Dp/yZgP8AAb6BClfk9zgC0aECtRuTXZ2I7keMdKP+K8EeVpLJFLk2PJCpNFJ0psBBpJAAsk0AN5J4BehbL2W3CRagGRwGc/7QeQ+K5vobhg/FtJ3MaXeYBA+LgfJdTtfEgbzS1sVbYzPX/pnBRlevLW9lw3v2/wBmgzWbUjDw5juVRFLZtpvupXuGfTC4ua0V7xr5rmYempSsz2VboRyNToacb9eKkRUAoGMx7G3lzyOq6jjkcK52G0qeTa2PecmHwLxe50zo49OYaXXXiQs0KFRy6McjHba1Z00uIaNyjzbTjjBL3tYBvLnAV6rk8ZFtJ4ohln3RiGNI0u9GnT/U5RGbIxzCX5zCeYfE4/8AxafVbUMHN5ykl2Zk7EdL+vwXO0+mMAsRCSV36jHZb/aIqvC1WN6QPfZmMsYA7MUJ1G+y940FcgCtsWDxXvYov3X1Y2VfM3uWjGYmfOMOGxkffze00utQDQdofRX5mnB32b8X/r2N6nRgrR1ffkVsO39mvkGYzPdmPWdO7MOdDKK8FMkm2UXdmQg6255J8FaYnb2IgdkbFhIqaODyTpv6rdL81Gbt7aUzsrMru+LCzSH10A8StluGifkisatWCu42XCTS82/U37Pnweohwx7PJ7j60rTZmzsM9jnTwtYSKaB2i03ZOtg6925Uu0GbSdQkd7JgHWzPjEp78ocMoVNhNn53ufP+bAsOe+3O5UHOAAOuosKibUr39PwVb5yL2X2tSbfvr2FptHZ2GMwkZITE1mVrN9OzOJ63AHT0Sk2PiZ3xhuHc2Fpu8pJscRz4Ue5acbtU4YZIoGMrc7MxzhY4E9UeSx2Hs6SVhmfHO4ud+kLnPdd6jrUBpv7xoqVG4K7aeun1GvisVLDpXjr1vO/hl5lkzAxbOYHSYOMSXbWNex0rte0Ge7V+AVZ0lxbcQ+IOc+PqNJBOW5XmiwkdUNGlcyd/ASYMBJhjI2JjHPfIbe5hcWjLdDN1Q6q1F+K2HFewaW5GmR4oXmc6rB6rQdN3yWOVdKScXd9912e+TMe2pUm4p7VtVaMc+36/Aj4fBSMa5zJHsaIvaMcA0h+rmu1Bv3R3aqy6JNb7cSV1xGW91uIN1wIArzKUOysXi3guYWRgU1rjmIBGtePf6cV2ex9hsw7A2gOZOp8VsUnialrttbr5fk5sqsknzk73VrXZKjlc0Ve7wQpfV/u0LpbFTeaW1A8WATAQsloHgDGk0wFK2fgnTSCNnHeTua3i49ylZ5EpOTSWpa9DS4TlwBLQynHgL1HxCnvc2WZzppA1jQL1qzyHoe9dDg8FDBD7Nm6tTeriRq4risfhgHtZlLvzgdYBDw5xdY10JsCq00WHF4eUWm817n0b9PUlRpcxKVne+XHqRN2l0rw7WezwzY35TQLtWB16dkFxd3UL5qjh2xPI4+yJleaui1oj6tZY25i5o36nUqDiYZzT4YYyI3gCMBmdh0N24Xdm70VrHhsVMLkhytOtOc0N/wDQ5ST4ql47N/i/sekhCFKVuvje3kreJYCfGOBkkkrI00AAA0aaufbso03kUouFb9YJDsTE6+0IpPrD673Go2DvIKMPHFC4GmMfehY+j5USpRmjyubmc0PJzGIBjieekNE95Uc7Ttx43IltpuzSW5WX1FLtHpFhoJDh8LAHlpp8rmZiXDeBqAPIeisW41s0Yc17YnHeHklvEai7Hdw8FEGzMPE0/VMN7V2v5yR968ayAFScD0ZZi5GGf2YppLwL6lXoSDVdxKVObk+j97rkwqOMHKTzW9v8+hV4mDFSNDcPNBK7N2Y7eGN3kuddA9xVhgdpxYY+xkIkkc4F9ESPFVbba2mNu/vHUrDbz8OXDC4KZ/sm3m9n2Xu5MDRq0cxvPE8Y2IwDmNY0gsY+QMAIykuIJtw4DTeVEnGL2Wl7+jIlWnKKcpJRefSko+Sz8UXw6RCKTQYRwdmOrnPlHVpjQABWoF3w43uiOxm1sY1zs5ZC3tNhIYQPKz6lbMFs/BxOvMQ5ocM2ozOG+qNUD8u9bsLisQ15axrZK0styZqJog7gOtZscFZ49W2acbcXr4tfByefp84+ai5LW+jstbcOK7znBgsMHAewYXE2C7MZC43Ztptx143uCnYfowS8SyktjstMdWS9ujrGvGxzq/FSMYyGNjurFE8yW0Rg5iLsjiToSNAjZ+ExszQGAgZrDnnLRPEAda/Ra8HVrL/jb7fhv5M2IxNSEOZUVTT1e02/r4Im/kLDMaJPq0TqZXatxI5tPCiLo3x4qHBiiCImZ3sDgWwRgkA8LOY5fC6V9s7om97h9cmdIR2bea13gcaPIrsMFs+KFoaxjWgcAAFu0uTpy/dJr1/HdY5MK0KbbttPicnhdh4udtSuGGi35I6Lz+07cPJdFs3o9hoB9nGCTvces4+JKsMU+m/BVolrdY8F0qWGpUl0UYqmInPV93UT3BrRqQ0LQ/EjgL8TSjOI3njxWII5hbBgbNpxTu5Cwyn3W6eH9EKblbM8mQgLbDE57gxosuIAHeVxzxCV8jPB4R8r8kYs/ADmeQXURwjCsyt1cdXOrUn8OQV1sjYwijDGDvc/7zvw5LPF7Fc43fx/ot+nR2Fd6npMFgeaW2/3Py7PnuRwmK6SPieQLI466E8aCk7D2lFPM7OeqcO4jWtS5mo5EAk+S27Y6JvdZttXrvvXfv4rm8VgJMO8Pj3tFDjYqiD5LXryk1ZHawi2ZXkdPgcK9znZ5SD7rmxsLy3Wm5gASd2t+SrsdsbE5j9qZOrnyl5PVcSARVAagjj4o2L0jaHDMKcARTuFitFf4baP2hmDrcWFuosUQKodxrRcR1HDKas77svv25261CpWltU5dG2Wer47jinYOZnWdFVEjVruWtG+/epIfFMKfh2NPB9WO/stvU68avkuo9i6emOcJMooZ2jddjsjn8lUP2Sz6yxs0ccYcSD7IZXG2musDvzHeVMKynqu/wCsz7NOnBurTV0r9GUk/O/mQo4X4Z5dBkBI3gBw14cyFs/KDiMk0X2YBIyF4JO7c5zgfDdosdq4aCOQsjLsjTlBcbJI3knxWzBbVa6QOY10sgFNDGggVw00C2Fiq8YuMW2vH1yKqsp0v+JOLekpSu1xS07NDeHyQZH4Zji9zQXfZ0LOv2gIDSd3ZvUHVScTMHNDsS9set5GnQXzBvlopcWydo4o3IRCzkNXf0V9sPobDCQ+Qe0fwc/U+QO5I4WdaV2rcfuXqaFRYeD2neT4vJ9xzWR0+QYXCPdl99/UZfOzqfEWrMdFMZKM+IxIYK7MQoVyLjqu7jja3QBR8QXOOUNIHhoulS5Nowzau+Jr1MdVkrLJcPk53ZnR2CC+qCT7x1cfElWbWNHZaAprcJfaP9+K3NgYOAW8oWWRpu7d2QRG924efD56qeL4n4LXIwcCUmhUdSztYyKnfrMposwqyNe5avqDeJJ8gnl8kZU5zgOa4gcG3mUvqTK4rdENfJbKWWLurmOUbOxG+qM5n4fghbJGm9ySptvcX2EeKhW/RvFRQzGWY9VjXEULJdQADRxJshVAWS5sXZ3PCUqjpzU11Fttbpxj5CRh2tgZwoB8ld5cC0eAGnMquwfS/asLrMvtR92RgI9W04eq1Jq7qyepuf3Ove9zqMD9JEDuri8M+O/eYfaN8SDRA7hmVrHPsnG6R4mIk7muOR37r6K4EgHeFpfhI3b2D0RzT1Vzeo8vVIfuR2O1vo8DgTEfC/xXOno7tGA0wZ2gmgdDoefFRMI10P5iaWLujkc0eYBoq8wnSzHx6GUSDlLGw/FmUnzWNwpyy8rXOtR/UlL+Sa+/eo14bZe0Xathcw8y8D0o2to6KbQlNyOA8y4+W5W8H0gPH5zCsPMtlLfQFrvmrCHp7hT24pG+GVw+YKvDDYZdZsf3+nP+aXbkU2z+gou5yXVzvL6Cguu2dsqOAfZsaDprXDio8fTHAO3zOaf1opP5AhbYdu4KyRiW61vLhu7nAUrKjCL1v3mdY+lV0mvFfJbtP90shIRzKrxtXCns4qI/9xn4rNmLhO6eM+EjfxWwsnkNqMutE72yDKFoYAdQ6xXA2mYT3jVX25Ec3E2F6wc7Xej2febWDYiqycn1FkkgJRrayLK3mvml7Ro3AnyRU2Q6iMQCsywjh6Ic48SB8FgJmjiT4KyplXUsZwO3/wBlbS5Qn4w8G+pWD8U/gAs0VZWMUppu5OzoUATP5/AJqxTaR4+mFiCmuMeIM0LFFoVMkLG0WgMlikmhIkii0kJArEpkrFVbJHSxIWSxVSbIxMbeQ9Fk1xG7TwSKSGSLa0E7XefifxWHshzPqfxWaSi7LqpPe/FmDmWKLn1yzu/FZxyys7E8zP2ZXt+RQkVG3JdZZVqi/k/E3t2rjG9nGz/6nl38VqRH0k2k3djCe50cRHxaq9JFXqLrMqxVZaSZ0EHTjHtrNHh5B3tc13qHV8FKZ9Icw7WAafCcj0thXKoWVYyqusyrH1l1nbM+kZldbBS33OaR60hcShW/rqvAv/cq3AlAp2sU7VbnJMrRaxtFqbkWMrRaVotAO0rRaVpcWC0IWKqSCaSSgkEFBKxUEggpIRkghCSqyRJFMpKjZIkkIVSQQhCAEIQgJITQhbCMIIQhSAQhCAEIQgBCEKAJJCEJEUk0KCTEoQhGWBJCFQGKEIVCUJMoQoJBJCEAIQhAf//Z"
식빵,bread,no_time,https://ppss.kr/wp-content/uploads/2018/07/0-12-540x281.jpg
스테이크샐러드,"western,salad","no_time,perfect","data:image/jpeg;base64,/9j/4AAQSkZJRgABAQAAAQABAAD/2wCEAAoHCBUVFBgVFRUZGBgaGx0bGhobGyMdHhsaGhsaGxodHRodIi0kICApIBoYJTclKS4wNDQ0GiM5PzkyPi0yNDABCwsLEA8QHRISHjUrICkyMjIyMjIyMjIyMjIyMjIyMjIyMjIyMjIyMjIyMjIyMjIyMjIyMjIyMjIyMjIyMjIyMv/AABEIAMcA/QMBIgACEQEDEQH/xAAcAAABBQEBAQAAAAAAAAAAAAAGAgMEBQcAAQj/xABHEAACAQIEAwUEBwUGBQMFAAABAhEAAwQSITEFQVEGImFxgRORodEHMkKxweHwFCNScpIzQ1NiovFjgpOy0hUWJBc0g8Li/8QAGgEAAwEBAQEAAAAAAAAAAAAAAQIDAAQFBv/EACYRAAICAgICAgICAwAAAAAAAAABAhEDIRIxQVEEYRMiMoFxocH/2gAMAwEAAhEDEQA/ADH9hRigKjM7F25ach5b0h8FbKXGy/bEeAk7VbC3+8Zo2WB5AR99NLhT7MrzzfgTXVyPNeP69jC4ZM9xQoEoCNOgBrkY5UuAaqcjeXL4TUx0CsLhIACgEkwAI1mqPiXavA4UENeV832bZDNpzgUHJeRljbei3S2FJXdH1HhO3uqp4/2hsYG3Fwh21yW1IzfkPOgTjv0mXXm3hE9mhkB3AL67kDYUDS9xyzsWY7sxkn1qM8yXR1YvjN9lnxrjd7GXc9zRZ7iD6qj8T409YSBtr0pm3YCgR7qlLbjrNcjfJ2ejCCgqRKtxA5ddDrSRH1hI6Ukppz9BP3D9RSydIze//eikOyVhhAkmZ8dvKpSIp+zUBM0ECOsgin7Rc+I6zStDItrd0AbAHz/UbV5cvakcjqNZioT3SIB3/Whpm5eYHefIfjSKI1osmywMwBj3U3bgkkCBypm1iBIUkn05eNTbaLGjRNBpoKaY2rgnp5UvJ4mKaZwGga+PzipHsy2m3TWgHRFJzGOm3WpQBUaCfMUu3hSDJp0Wdv1FCwDaOw1Kj0qz7PvOJt6QJM+gJH4VX3kI5aRScFivZ3UYbK0k+Gx28JpovaFkriw47Z3CuEcgxJUGOhYf7etZFiroMkn3T6VtXFsEMVhblsES6909GEFfiBWO4rD5CVZIySDI1BG415zVcy2mQwNU0atw8pjcFbZtQyqTr9pdCPeCKoMbwhAzLlABrz6MOK5hcw7aZTnQf5W39x/7qIOP4Uge0UTlMsvVefu39Kp/KNkGuMqM44jwQ5sucDnty1jWfOgziOGQ3CAxYroTELp0POtD7Yo1o27tpAZMNpIKxMHw8apC+DYZ7iPYaNplfQH8KjBLx2XadKwTwGFRDnJkz5EeXzqy9uodSyZ0H1kmJHg0eWtRuJmypLJezz9mOXoKgI1xgCFlDMEkDbqSaaUX5NGcYokYvGM7EqAqySFGwBOmvhUe1fwyyLyuTyKEAEeM1KPCr74ZsQi9wGJP1mAGpUdBQ+BRikTlkt6CBe1uPWIxV3u7d6Y94pZ7W49jJxVyTpoQNPQU1+x0/awQPL4UXlYfwr0V93F3rk57rtzILtr6TFRlw/QVergwDGnw+dSjhSNBAnypHkZSOJFAliNzU2xYHUmrV8LEH37Ui3bI0AHrFLdjqNDdtAOf69+tSFSefwgU7dtwIiY3I/Out4eSIUnoPhoOdEejlthfA8oNeqnpPPr61e4TsriH1NtkX+JyEEeTGfhVlZ7HBSDcxKif4FL6fzHL+NMlJiOcY9sHLIC7nfw9I/OpKWp2ifEUUWuzeEUkM15yB1VQfcpPxqYvDsKBIsEkfxO5+4it+OQPzxQFPaOg0nx5V4mCka7ee1HTYaxof2dY5yzHb/mr0WLGoOHWPBnH/wC1b8cvYv54+gMwXDgFzOB4a7VxwrAjL40YfsOF/wAN1no5I/1TTbcHw5Pdu3F/mCsB7opXCQyzRBNMExzMyrOwnr41Ea3cVspUzyA2/Xyo6/8ARpHcuI4HIyh+OnxqLi8C6CWttG8gZh71kfGpyjJFI5Yvoo8AboU+0QkRp1FSCW5A6dRHup93jpPn+E1HZ9/nS2P2NYxzliJjXp91VL3uogcwDrPSpeNxJXYSPHr5VSZrjtl7up1G0/jTJCmgdj+06/2NzukfVnp8xV7xzs1YxfeJyPH11AM/zLsfPQ+NZFe7rjKNR4++rvC9q8RZGhzDo2/vFWjNVUuiE8Tu4hNwTsLdw2KS8uIQosgqEILKw1G5G8H0o5dMwg1kl/6T76j+yTzLH7opXZz6ULhvhcWEW25gMoI9merSTK+PKqRlFaRCUJPbL7tXbvIptpaZxBytplCnr4isn4/h7xuJbbViNANAB5fjX0ddtrcWRBBEg0Bdo+DkXVlJR2Vcw3WTBk9INJKHH9omWST0Y8/CbiKHdGykwGjukjfWiXsxwH9pZfaCLNs9/wDzHfKPPn4Uddq+FG6tvD2+7JBkD6qJE/gBUuxhLdi2tq2IC/E8zPWpZJNd+DPYm6ixkCqEiMoGkdKxLimF9lfu212R2A8p0+FbLicSqI1xzCIMxPgKxziN72jtcO7szH1M/dFDA222MlR9ELw+z/gWv+mnyr1cDZ5WLX/TX5U9NdnqwRkcOs/4Fr/pr8qQ+FtAj9xa/wCmvyqalJdJoMKG0wVo/wBzb/6a/KvTw6xEtYsgdTbWPurnvi2AVGfyOg8upqLddyfaBi6HdfDwHI08YexJT9HXbWDAzJhrLx0tqAP9M02l4IA9m3btqdwiKp8RIE0tbIU511Rtx4fMU6lgKf8AK/38jVEkI2yPkOeCxKv9/KuTD91lPLUeRp68QiHNpl1HqdvfUgR3X5Ea+tEFkYJ9VvT8K9W3qwqbbw+mvWQPn8qkomnT4VNzV0gNlT7LTWvWt09i+KWwcjSQdyOXiOfqPjUF8YpQqWgxGuhjWDHWBPrSrLH2axy1kb6pmK9azp4mmeDYBCmZbrORzUCJ8jr8aq+OYG5ZAy9//ORq0bg+PPxikeWo8qOv42BZJcZOmWzYfZRtuaXauspJBIUbfOhvh/aXKrC4CYB/mkcteR28KlYbtDavKUjI+UwCZDGDEN18KMMsZLTE+TglgfGX9F37S20tdtIwOxCwT7t6lWOG4NxpZQeDafjrVdw5QyAsdFkeu/41JazPffQchVUk1dEVN12S34HhedhPj86YbgWFXVcOgPXWfvpyxinUS0BOQO/od5qbZuK4lZPUHQig4/Qyk/ZRXeC4YGfYID11+dRH4BhjtYT3n50TOgpOQdKTiPzYHXuyOFbewv8AU34NWU9rcAtjFXLaCFEFRvAZQdzr1r6FKVhv0k2j+33P5U/7aNUFSstOwH0gNhMtjEkvY2Vt2t+HinxHltsjJaxVoMjhkcSrIQd+YO1fLjLV12Y7V4nAvNp5Se9bY9w9Y/hPiPjTKXhiSj5Ru5wotlgzHOTGZ4GYDYKRp1Mb61Rcax9mxHtLign6qKczsegUampXZ7t/gsaot3Mtt20Nu7EN/KT3W+/wp3ifYjDMy3sNatpdUzp3Q4IIIkTG+8Uk8SlsVNp7ATtHw7EYxAJ9jaBlUP2jyLkH3DYUJP2auoSDlfoQQPvo64/wPi1x5t2QEHLOhJ8OYAqNZ7M8TcS2HUH+ZRP+qlUJJUiqlE0taUBSQacXXcwOZPIU4p6AAJJgDcxTN24xE24dOY5nzPXwp67n3XKydPxnrTSWlJm2Sj81PP02NVjChJSsYt2Yl7eo+0h/Ecj404iRLJt9tD+t/Gnok6jI/Xkf10NKfTUwjDnyIpxCu4ri1sWmuA906RlzENy7sjXlvQZc7X3QoWVABlu7rvtHTypX0jcXtNa9kCdWGfLtAmfOsytm4SILqxICgmc06nc7D4VzZbk6ToElYecU7UXLz5pXIPqqh+JJ3b3Ua9iOItiFYEqyJqGBknWADGnI+6sh43wXEYW2ly4AUeCHQyoJEhW0BB+FEH0W8Yt2rl227wLoTKeWcE7kxA5eNCPJbsHGuzZcReVNWPpzND3EeLltF26DX/c/ConFb516eczHjQDx3jTW3CqyliRKTqVUhuR0Gh+Nckskpy4pUhmtWF+NDKua53Z+ohPeczufAVQ4jirvKi6JY/VygwZEgkiNeo2AqHg8U7st66dHPcEzInQ9Y6CpNvC2ryX79q28WwO4mpZtSzAGdhrAMnlrVI46ESk3of4RisVhiL1sF0kBrY3ZSTseo1j9TpTX7d+xnIZQyhsrgo68xKkSCDWQdl+K3li6Q5ZyFDFSVCKMqnb0zDl56lLYhrjZhdZTHe6GBruRpPIgiOlLzULixo5HFq/BGxuBXPJbLoCrKJDzqNByihsYW6t1WNsqhuQrHnBLbb7A+6r1sIuHzFr0kknOCSgzttlA0iTv+dU2O4jlcgMrtMZgZkdZqcZNOktF83yJZUovx5NK4Og9mGPMkx1O34Ck4vHDPIcEAwVBAgxIAnrO/hQzgO1ItW0EnVSIyz3p1P6NDuM4tczPcCAJoJuQTJMA++rzy3FKJL8WSrSdf4NQwV0OgdpLGYU7iDEH51IIZSHZsvQL8udC/AcFif3bjVTlMhp0YQTG2xowZADtmbqdBXRhyOUf2VASfkkYe77QTBBG4/EUuKgmVIZ7kEbKPkKmhgwDLsfDY1RodM4isX+kq1/85/5E+6toisl+kC3ONf8AkT7jU59FMa2AFyyRUQqauL4AnWol1ATNImVcStcVd8F7ZY3CQLV5so+w/fX3HUehFVF1KQLc1RMk1ZqXDPpkuAAX8OG/zW2j/S3zogsfS5gSJZLqnoUn4qYrDCkV5FNyYrgj6b99PGVEFCwOp11pmyJYdOfkKmqrH6twHwMGtBeQTfgi20Sf3blG6HT4HQ066na4k/5l+VOOp+3bB8vkaavYi3bEm5kHJW5+QO/pVSfY1i8SLaElgw5TuDy86zrjXH7ylvZuzEt3EJBA67jSOnryq07Q8ZN24bSiFgd6QMwPQHWgzGYsq0a7QdOfh8PfUZysqsfVjVxDdV3ut3ieYkkkn7PieVVeEwYS+ly6QqidtBAUgRrvVhiLtxpK5AIkyBpyOU7+dNYu1K5Y0gHUREiYB10E7k7VLlekdH4UlbJHa3tal5Batoch+t+Xl+ApPCuGrbYXrdxHXKQPAnaR4V5wLsybkPcEJvHWJHuqr7Uobd5ly5VIBBiDsBuPLamSXSJThathNYe21xLdu691iSbih7gQN9aIMCD3pAkVZcQ4bYKhVQYfM0v3AwfQj6xIZdddDBNDn0eYUMxcsVOsRGuwjX1oyx7TbKtEcp5x9bxmI9aFUyuPDFw2Bl9HtuiPdLIhyocuUQeW5kxA36+srsP2gt4XEEXfqP3Sx/u3EhX8NCVPnTfGHLcoVnU6Rv3dZ3J2HOhTEKRcdTydgZ8CRWrdkowVtGydo+y9u8Fuox1B0R/3Z72j6AQSIOmknnvQbxbDXbCw1zMZKpJhogGTrqBIE761R9ne2l/BEovft/wMTC7zl6b0Z2e2OCxdsh7OS4Ns4lQdv7QDu8t4pJ4vIjUXqipZ7VzDtaS6RiWKKqwxzMxUGTBOgJOnhsKg9n+EFWe3dK5rZ2zSIOuhG8z/ALVeYntNbAZLCh77mJAGVBqJLLEtAG1PYfs2Ut/tD3Q1x4kZjJ2Laaa6Rpy0pHqNJfZ2fDwu1Npf37+iQcTgbPecZ36T9wGgqDi+K/tgOFtoltbvdByiZ3WTuBI5VC43h7Qss9u1DrAcMxbQnRlkiPXxqkGIWytt/aMpYAsAhD2yCZCuOcrvvG3OljBunZ1fJzwgnFrfWwt4Dxm9hLn7LfJR0iJ2KxoQeY5eYoyt8eN/90pifrMOS+76x8Kzd8Cl5FcYh3VhmQtqyHY94mRqIK7SDRX2cxqWbKoih72xLHKpMnWfjFOpKMtul6OHFCWWDlGLdBtYCgDLbLHqdPv1qZhs+obKAdgOtCfZzjOIxF51uMiW0Uk5RGswADv191Eqi2DMsx9T8a64SUlaON9kuayf6QhOMYdbac/OtYZtfPWsv7cIP2xv5E5edTy9F8XYEXcNE7Cob4Zuh8zpRGyJEEx6a/GkNZWPCoqR0ONg8+FPL7optsIYk0Q5F3PkP1vSLqAR+vvrcgcEDhwhPKkfspq/e2o+0BPjr61G/Zwec0ymK4G9YIDMTBOm3n/tUspbO6MPT5VF4SWOeCJ05edVPa/jWMwzWPZW81tmJuuEnIojccgQTr4V0xpRs5ZblQQsAB3XYec/jWN9o8UbGKdLj6AllImMjGdBIgDbTTlGlHNztpzCZvPT8YoP7c8cGNfD2QmVVcu8azAgTA8TzqTyJsrCDiVa8Ve4D7O2FUa+0uHJ5xoSQdOlQuH3i/tPaFcoYZiCPRlkCQBodPjt3aTJkyDZMvTX08PxqssWWvf2awojvNoB1MHQ0nLkrKK4v7CG7ZZXXIG72YAlQdpEQsqOk6AHXlVjwnhBLBrrSFGgnurH2ROwjnz9arrfExhwue49xmAByqPZgjoCJ1B8j9zGI4n7UAtIQSSBKoSSO8SJJG3LT40Kofk3/LsIuLcct21/d6kdNufOgbimMN5RcbvOGIaNuZE+6kY3GQwCsHLAQqd4a6xtvygiRrSsDwtd7oYltlTTKeR0+seo8adLyxZTctF/wVWyoyoAXZcuX7BOigwdP4j+pscfjyoKtKkGY1kOfnr7+UVFs4ElfZq2UAk5gIY6QBmGsQAdulR3xHszkYDLDoSwDEZlPeAYjMZI2M771NPZV6ie4YI9+1acMy5yMuXUFVLKSdioIEx0HlTHa7AAXFuZMufQsDuygakRoSPOYpjBXCgW8juAGNsvH1jHTXQgrMk/WFX+PxVvE2GDSHTvaHWVnaecSPWmlKkefkk1K0BrhAcohF3JiT8N9fSnbzWGRLdlna4fr5xlQ6agdPDlHQ017ZLchFDnXLmEySpk5RoQJ8u7NO8P7KXbh1OUbwRqREgx5UbVWwRhKXQrgLC2GGWGznfcRoBRK/Fy2pmdBv3QByAj8aoGwOHt2bhRyXtn62oWZylO9zkGmeGs11wiAk845DmT0FQyRbbkfSfBz4lBQfaL6xea89wFe5kUMdY3JI05x061Xdq+Eotq1cs5shJDBtWV4HPmCAx8KLrTphra5AWYwWXqQTJ65dAJ5elP2PZghLgDA/vQqmcuYLlk+RbT5UuObT+jm+dCDhKTW+0/+GcYLEtbtlNirE/1BfkaJOAOSC53An37VX9obVhb5Fq4HDiWCicrA/xbTvIG1S+B23bJZ3zMCY/gXcaeMChkjb/sHxPk8Pj66Sd/5Nb4Fw9bNsKLZLHvOTGrH8Bt6UrF8ctW8v1O82XRpjqdBypNm7dNoK0q0QdjI925qkxfCgxAJiT3fOu7k1GonhSnydhi+oBO8cqpOL9mrOJuC473EYCDkIAaNRIYHWrW1bKW0UtmgAT5AUoGi1b2Wi2kUCdi8INzdbzcfgop632TwY/uSf5nc/AEVdV5NDivQeUvZXpwDCDbDp6yfvNPJw6wu2HtD/8AGPlXuPx9qyntLrqi9SaRw/iNq+ue1cDr4UNG2SfYW4j2aR0yD5VjPEmy3rgWFAuOANBoGIFbQTWM8Ut/v7pAmbj8j/EfCtJDwNW4IwLOCY0B++rW7aQiJJ99D/Cr2S8sjRpX8R91FOvJRVMf8SU+wN4t2WtOGa3nRtfqjQnxU6etZvcsFMZcR1yFEUrryJPvJ29K3a4jRuB6fOs/7bdkmv8A723cy3U+q0cp1Uxy1nzpZ401oOPI09meY7CswYsjK+rDNqpRSuw6ERrVZdx8quU5VA7qx3JG46NWj2OzdyyHuKyYqEyZMoQgTLSCxDTA6bbUJdoOKKzorWirZSGBmVggCQem2utc8Gro6XfZRYriaMAftRsvI8z0/wB6j+3uXmCAlV2hdTlOhnbNpy0FO3cGBqYEkgA6a7+6rnA8IYDQ5QYnmTvOg8+dVuhEnLRH4fYtWIcKzuAwckALBJjKGggwACPOPGaVuMiMtuNJzkyRG5HICZ516MK4YoQXndo0DRE6DTQx00nnVVxTG3EIXPnVAQuuULOpjLoefv8ACppuTKtKCCfhPEzkOgLDbNz5ankRv40PcR4kWbKVD6EAtoddeXMcj86Z4fxaM3ehVGxOXN4AR3j5+FRsdipUtHfbQfOPfTJPoWeRNFmvGLT4Z8OQy91XVhE50cT0mQW/pXpSeCP9cE99QDlJiQ2nPfX/ALhVJZu21VWJcsNCo7sDUHWDOkHlXmIBlbgUhQsZjrmOux8oHpR4Lo5JhJ2c4Rn9k2ZM0NCNM5cxHeybxE6xV7xbiJt28ls5FCkZmIDOROiyToeXnV32VS2MOtxFGYzPWdCf140xxTDW8TN0Q5RiMuwWDBMGATG3T7oSdu2W5qMNGf8AAOL3sPea9btq7upQK4bWWUyACNdOfU0Q4vG3hjH/AGWwrK6ILqplUFwCSS/LQ8z8TTeLuYa1bzC9b1ELBDXFnSSNTIBM+dQjfuICMKHFssCASJJYAEmT4Lv4VW7XWiEMkoy5R7RecRxxtKhuQmdwjR3yimSSwA1Ajadas8VjbFq17O2/tCwIZ2IjK8kjoAZOkc6DnwNxVZrt0a7az6Zjp6A1Dd+7oxYDdiIAA2gbnSkUa6KZvlZMyqT19BBwfFWsFIw5LMe8xuZSQoEEDQaffNG/ZPieGup7S3YS08kMEUDbmIHrFZJcIaMpZiN5UAGdhK8/GOVWvZW9dF790cvdIeAYI5fgaZN3bOf9ujV8fjx7RVtgsRqQDpqIEn9b1OwNsnvXEJPKNh76FsBwW/mDrcQNvLEjXnyMijzD27igahvSrY7bbZkhN0jQARpSVrwsSSa9ii+y66PZryuiuMVjAP8ASf2bxGMtW/2cZmtsSbcgZgwiRmIEjp0Jrz6Muy2IwaO2IGRnOiZg2UDmYJEnpRzmrprUaz1qyLiFub13Rj325H+I9BWuGsk4nZPt7uoHfbf+Y7UsimMMbhKkMNwQRrzGtGWEvi5bV82hH+4oMv1YdmuIBH9k2zfV8G6etGDp0JNWrCjKOhNMY62WQjRQRUvXypDKPM1ciArXGRwCU7pglpVio2IaqTtNwe1i3GJRiuVCq5Yh9SZaRqJMcvOiftMlgOntXAaRCa7GYLActNzQ5icVazsWzZDpkG+UdDsCevKvOyLhPXn/AEdayRcd+AA4fae2WzWyWzFUcnuwJnICOg6mrrDYa4VLlysnYLyPLWBHhTN/FhLpI+rJIDcgSSF9AQJ8KTxnjKsgt2yZcCWiNzqq679aaMuTDiyw/siY3iAB9mp0AOd+p/hmNvLeqFh7Qnpz6dBz/GrJMLEh125H5U6bdxw+e3kY94OYkW1WABbAzaDc68tBE1SP0JLJybRWYiyCAAVEcgcuvk34GmMQAoWWnmB46SPOpeLsKPtkjl3dY6kkfhUFMMCYUEsdhzp0LJMYFh3BYKSBz0/RNeWsQ4UpmbITJWdDHOKLeCcOKhkY5pGqxoDzM9fnVO2BK3nRRIU/A60PyK2vQ0cV0XnZvtgli0UdGYySsctAIOvPf0ocxWNZ7lx0ZkW4TKhjqvRo35+801xG0Rcyga6aecU7i+H+zVTnDNEmNgemtBcVv2NLDJtpeBm2qj7M+dW+A4v3wjMqJBOiyZCmPeYqswYF11tgrbJ0JcnLPmBp61c43suwGZGBMa6QDHj+MUWvZyP7LThGMw18fv7gzg/3jZQBHJiAN4+16VM4/wAI0OX6rRAQQPACPShHD4A/VY5W/hOkz0Oxo97F8KuKuW5cOQjuoTKz67ekUq3pCqN7E8F7MMbai53oER0B5UU8N4ZYw9vS2yNOrrsdgMynToNKs7OHKDQksNgY18A0b+dTLtpbiG3dSVYake8eoNVUNfZRMlYRO6CQGUgEEcwadxBVF7uhOkffVXwDGFM9q4YySVkyCk8j6g+vhT7XzcbNBA5DoKPLQ3DZIQ6Vlf0l9psVYxa2rN0ogtq+gGrMzDU+GUfGtTX1rI/pRwmbGgn/AAk+DXKVsaK2UFrt5j1/vZ81qZb+krHDfI3/AC1Q/wDp4HOPvrw4JetJyRTiwttfSnihvbQ+X+1TLX0r3PtWJ8jQQeHxyr3/ANPrcw8DR8H9J6OQvsHnzFVt+/ndnyfWYmN4kzEgeNDvDcEF7x3+7051eBhAkT4iYPuipydlIQSDq6lVuJBGomRtVxcWq/E26oyIQ9nuOrcAtXDDjadnHh4+FEPwrKMSkaiQRqD0Iog4F2xiLeJOmwuf+fzqkZ+GTnj8oueNdnrd9xcllcKVzA6EcpB3Ik0N47spZsjPdv3COigBifCZEUfW3DqGUgqdQQZBHgaZxGCS5GZQY61p4oy3WyNGIY/hJLsUeUnuhyGMcp6HyqvxOC9mugYHl7NyB8fwrdhwWz/hr7hUfiHA7JtODZR+60AjmAY+NTWFpdgoxHgfAL2Kz27dyHCyFeQWE6wfD8aiY7s9jbRIuWrnnBad9mHmdPE1qXYG2huPCaoog9J0I+FHToIpscbVjwnR87cL4ViHDW/ZhAd2dJIBnbmPTnRfw3gVqyMoIZyJdzBaN5PQaaDnT3bLEYu3cf2dsEts+ugiFgHQEac6DsLwjEhm9rcZQ3eZQ0ljGhnbahJ8UdUdl+1+z7RhaGmpJM/5eR5HWhbGOHxmmkCD99XC4f2YFu3LPcOVFmSxP4czViv0fXQBcDAvMsNtTrpUoRbtopzimkwLxIHtWeNJhfTQmmb9zSjz/wBk3VWNWJMmdtddKrsb2Fvw7sYVfq6b6AmPKm4Pyi0vlQjFqPbBpOHZbaMRq5J8gIgfGp2Ds3UJ9ncZPAEx5ldjXl2zeyhc+g2gAH0PL0rQuzXBblq3ZuqBnyjMr9GGoIjfbeKKTZ5zcZMGyty8EV0U5NQ0Q0xqCRpBJnajDs9g7gtgXQBOwXXKOQJ51a8O4daJLBVBnVOan+XkPhV5awoXSNKeEPIjSTohWrZGjajkeldi8QbSyxleU7+AHWmOK8etWJQEO/8ACDt/MeVDBvvffNcPkBso6AU08ijpdlIY29vokXrjFvbZTMgADYL49eh86JcLdBUEbETVbh8IpXKQYIjSu4JNtzZcmeRPMjX4iD76im079ldNV6CBDWZ/SDanGg/8Nf8Auf0rTVFZ129QHFAQf7Nf+5qeXQMf8gQSwM0A611zBhIOg18Z+FWK2wviB+vKvXwpeNwPKNPSonQ0Q1RWEAwfj76dtYM+7cj51I/YFUjUyduX3yanKAInfkfkT+ArGogpYymYnTeNf6jpT6DoQPeZp8kHffxE6+ug9BXlzfc+8n7orBDt1qJet1NYUy61ZnKioxNmqbFWKKLlqq/E4WeVI0MmUvDuM4jCn92/d5221U+nLzFGvCe3ti5C3gbLdTqh/wCaJHqKD8Rgj0qrxGE8KKm0aUIyNwsXkdQyMGU7FTIPqKcIrBsNiL1k5rVx0P8AlMD1Gx9aJMB9ImJtwLttLo6juN8NPhVY5E+yUsTXRo2F4Tat3Gu20Cu4hiJg6zttPjU0ig/A/SPhH/tA9s+K5h71mrmx2pwdz6uJt+RaD7jFPFrwScWii+kjht27YQ2MxdHDFAfrqQVI8xM++g7DdneJYrvBFsJGVmuasx6qoHyrXkxlp9rltvJgfxpwOkaMvvFCUE3bGU5JUgQ7N9iLeGdLrubt0LGdhAURsq8hRQtgQRTz37Y1LqPUVGvcXw6fXv2183HzplSFbbHPYjQ0ziMEHUqedVuJ7aYFN8QrR/AC33CqfF/SXhl/s7dy4fIKPiZ+FZzXlhUZPwQuE9hLlu6r3LiMiNmULMtBlc0jTlO9E2N7gLEwBuToPfQJj/pFxVyRatpbHU99vjp8KGsXir94zduO/gTp/SNKl+SMeikcT8hpje1lq3cRrZDMNGI1GU7z1r3tNx3EOqG3cUWXA1tyGBjVWJ28CN6C8PgydhRNwdHtqV+sjCGQ6gj151GU23osoJELBYYmiDBWIpyxhUGtskpynQjwI61MRPCgkM5EnDGu4nhyVFxPrpr6DX4fia62Y/QqbYcH9CqVaondMewOIFxFcc9x0PMe+gftwk4kaT+7Xn/mflRNgv3N42/sXO8ng3Mfr/LQ520b/wCSNv7Nf+5qEn+o2NfsUKOAB9WPDbT8acBMQAfU/gNabTfU69RAIp1rygakdNZ/GKidFHqqR0+70jU16T03/mPyn30o3BrPqBpHnSXOm3qTA+R++sAR7SJnn00/M1Ha8Osfj91LuLOkSDyjT47elMPhlBkgAnw6edMbYwfpOuf4C/1Gk/8A1Luf4K/1UHvhKT+x1e4nLxYYn6Sbn+Cv9X5U230iXD/cj+r8qEv2Y9KX+ymhaNTCV+3bn+5H9X5VHftkTvaH9X5VQNhjSPYmh+odl2/amf7r/V+VNf8AuKf7r/V+VVXsOtdko/qbZYtxv/h/6vypB4wD/d/6vyqAyGkFKNIGyeeKD/D/ANX5UocX/wAh/qqtIrgDRpGtk9uL9UP9X5UkcXH+H8fyqvIrslakC2Wa8Y/4f+r8qcHGj/hj+r8qqxbr0pQaiFNlsvHj/h/H8qcHaOP7of1flVPkrhapeMQ2whs9rSv90P6qmp9IDrtZH9X5UJLZ60r2FGom2G/DfpA/eg3LeRG0cgzHRiI+NWHGO217DPkayrKwzI4buunIjTfqOXiIJzkYarvheKVrf7LiCfZEyj7my/Ij/L1HT4K6Ww02Xp+ku5/gD+r8q8X6S7o/ul99COP4a9q4bdzcagjUMp2ZTzB+fMUwMPOxo6NTDh/pFe5kV7IHeBDKdV13HpUvjmOe7dztBlQFyfaXUgnlzNA+DwRLAyKLLBJt5RBZZy/aMfaWBuRuKnNlYKj1HYx08eUeR09Ca8N3M2X6xGp0/QPLcV6lkz3hr0jbXy0/OpKMPDzpLKHITzgfrlNeOyjXKSeXh4x0/WlNsDOkH9c5+6vGcjb19Nz6flWMNXMbBg/L4azSDdHIA/H7qZeyWYgjTc67dJrx7kwAAQNJgfdypgWVYAJkERSHtcx7j86lPZnn8FP/AG60lbBE974EffNESiKFA0+8Ul7Z5fOpi22j8hH3141sDcEeUj8q1gohItOC2DUh033PmPxBpsJ0PPqD7+dazUREtdRr4026RuPWrC8nIx9x9AabK+M+B+dGwUQmtTqKae36Vb4Phdy64SyjMx1hRIA6k7KPEkCizB9hkQg4u5E/Ytax0DXG09wPnTxTfQkml2Z77IRM0lcOz6W1Z/5AW+6tewvDMLZOW3hrYPJ3HtGnzefhFTTxC5EBssbZdPgKooeybn6RjY4PfI/+3vf9J/8Axpu9gntjvoy/zKV+8Vsp4hdkHO0nxpScSuARnMHedfvo8Dc/oxZLU60sWK17EYfDXdLuGtsebquRz/zpBqjxnYm1clsLdKH+C9EHwFxdvUetI4PwFTXkzxbZJ8BT4t8hVljuD3bD5bqFCdROzDqrbN6GmAQNKm2VSITJB/E0sKBTrqPfXq2/14ULDQlR+ug+desk6fr9fOnFHhS0QULDRLw9xblsWbxgCfZ3DvbJ+yf+GY9NCKh3cI1tyjiGB1/DzB0qQLdT7JW4ot3Dqv8AZv0mYV/8vQ8jQDRX2iBJkaaAeX6irDCXYII1Ij5n8Kh3LDISjLqNDPnNScMd4HiNufifjpWGRZOzBpH1SQFOsgHcb6RDD1pzOYnTXXlp+tqjYeSpUnUHMh3jw0OvPzilZT9VoynXrHuIEUg6HrOKUgwF58o+/bSm2vD+GfeNtxpVZxGyVYRqJ2B3I26+h9DUtU7oIEwPjoDodB5f70aBYrFuIkKB+Z1A9KWttYHv99RncAagwenKdvMHryry1i8oyuhMba8q1AGHw90fw/1H/wAaQuHu6fU8gT/411dTiC/Y3ZjKn9R1+Feexun7C/1//wA11dWCJ/ZXMhh/qHyrw4duYB8Jrq6sY44e4eQHk35CrvgHZdr59pecW7QaJXV2b+EQNN9WPuNdXVTGrZPI2ohlYVLQ9hbtqiHbLuW6sx1Y+JpgJIKHlqPLpXV1dJyjbHQHmDB/XlUHi+JNq1dcbqjMvmAY+MV1dWCQr3EipYfw+yHrccqfhFPYHGG5cuqQIRwo8QUVtfUmurqBiah0PjpT2X6q+prq6iYlBxdBtXFW5aG6sOfUHdT4jWhDtF2eFlfbWJezmy6wHQnYGSMy+I16jnXV1TmlQ0JNSBsyPsN71+dKRWP2G8DK+496vK6uY6RD5h9g+8fOlJdjkfh866urBH0vj+E/DT404qqGLBHk8pWPHSfDaurqICxsXluwrAzsjfDK2sx06eVRvbqpOjCDqNND6H7q6upa2GyXg8UjsFUMCdtBpznf5eVO4nEKp1Bk6kfDfwiurqzS0FNkYYu11bTlG5+6vGxtoGRm935/Gurq1GtiH4jaHUHynff/AG/3pg8UtD/Y11dRSQHJn//Z"
